dataset,task_id,system,slot,trial_name,status,contract_issue,original,focus_50,focus_60,focus_70,pass_60
P15_V3,P15-A-ENG-SIZING-001,claude_opus5,1,P15-A-ENG-SIZING-001__uxfqpAi,JUDGE_ERROR,,,,,,
P15_V3,P15-A-FIN-DCF-001,claude_opus5,1,P15-A-FIN-DCF-001__bPVbjtq,SCORED,,11.11111111111111,8.0,6.75,5.5,False
P15_V3,P15-A-FIN-DEBUG-001,claude_opus5,1,P15-A-FIN-DEBUG-001__dsEMfzB,SCORED,,100.0,100.0,100.0,100.0,True
P15_V3,P15-A-FIN-DEBUG-001,claude_opus5,2,P15-A-FIN-DEBUG-001__nUfun8x,SCORED,,100.0,100.0,100.0,100.0,True
P15_V3,P15-A-POLICY-EIA-001,claude_opus5,1,P15-A-POLICY-EIA-001__oPBiPJb,SCORED_LEGACY_CONTRACT_FLAGGED,Historical source units/baseline inconsistent. Legacy-contract diagnostic score retained; not mixed with corrected-contract acceptance.,0.0,0.0,0.0,0.0,False
P15_V3,P15-A-STAT-EXPERIMENT-001,claude_opus5,1,P15-A-STAT-EXPERIMENT-001__9C9n8nb,SCORED,,47.82608695652174,42.0,33.666666666666664,25.333333333333336,False
P15_V3,P15-B-FIN-RECON-001,claude_opus5,1,P15-B-FIN-RECON-001__rvSG8BQ,SCORED,,11.538461538461538,11.538461538461538,13.846153846153847,16.153846153846153,False
P15_V3,P15-B-HEALTH-REPORT-001,claude_opus5,1,P15-B-HEALTH-REPORT-001__QGwBWzW,SCORED,,100.0,100.0,100.0,100.0,True
P15_V3,P15-B-OPS-CLEAN-JOIN-001,claude_opus5,1,P15-B-OPS-CLEAN-JOIN-001__iBKC7XW,JUDGE_ERROR,,,,,,
P15_V3,P15-B-SALES-DISCOVERY-001,claude_opus5,1,P15-B-SALES-DISCOVERY-001__3ewLAjS,SCORED,,68.0,65.0909090909091,72.36363636363636,79.63636363636364,True
P15_V3,P15-C-INVOICE-001,claude_opus5,1,P15-C-INVOICE-001__wJStK2d,SCORED,,100.0,100.0,100.0,100.0,True
P15_V3,P15-C-PO-ADDENDUM-001,claude_opus5,1,P15-C-PO-ADDENDUM-001__9EMgvbm,SCORED,,100.0,100.0,100.0,100.0,True
P15_V3,P15-C-QUOTE-001,claude_opus5,1,P15-C-QUOTE-001__MydN6UE,SCORED,,6.896551724137931,2.0,2.0,2.0,False
P15_V3,P15-C-RECEIPTS-001,claude_opus5,1,P15-C-RECEIPTS-001__rKWpU5o,SCORED,,6.666666666666667,2.0,2.0,2.0,False
P15_V3,P15-C-STATEMENT-001,claude_opus5,1,P15-C-STATEMENT-001__P4P9iQo,SCORED,,76.66666666666667,75.23076923076924,76.3076923076923,77.38461538461539,True
P15_V3,P15-A-ENG-SIZING-001,qwen38max,1,P15-A-ENG-SIZING-001__wJzgV6k,SCORED,,100.0,100.0,100.0,100.0,True
P15_V3,P15-A-FIN-DCF-001,qwen38max,1,P15-A-FIN-DCF-001__9wgzhsw,SCORED,,100.0,100.0,100.0,100.0,True
P15_V3,P15-A-FIN-DEBUG-001,qwen38max,1,P15-A-FIN-DEBUG-001__n7xrCJy,SCORED,,100.0,100.0,100.0,100.0,True
P15_V3,P15-A-POLICY-EIA-001,qwen38max,1,P15-A-POLICY-EIA-001__B4fogHm,SCORED_LEGACY_CONTRACT_FLAGGED,Historical source units/baseline inconsistent. Legacy-contract diagnostic score retained; not mixed with corrected-contract acceptance.,56.00000000000001,54.97902097902097,53.790209790209786,52.6013986013986,False
P15_V3,P15-A-STAT-EXPERIMENT-001,qwen38max,1,P15-A-STAT-EXPERIMENT-001__CgqoqQV,SCORED,,100.0,100.0,100.0,100.0,True
P15_V3,P15-B-FIN-RECON-001,qwen38max,1,P15-B-FIN-RECON-001__ney9rUZ,SCORED,,61.53846153846154,63.07692307692307,59.35897435897436,55.64102564102564,False
P15_V3,P15-B-HEALTH-REPORT-001,qwen38max,1,P15-B-HEALTH-REPORT-001__2MX3TT9,SCORED,,81.48148148148148,79.96363636363635,78.56969696969696,77.17575757575757,True
P15_V3,P15-B-OPS-CLEAN-JOIN-001,qwen38max,1,P15-B-OPS-CLEAN-JOIN-001__YpYd7gq,SCORED,,100.0,100.0,100.0,100.0,True
P15_V3,P15-B-SALES-DISCOVERY-001,qwen38max,1,P15-B-SALES-DISCOVERY-001__8h3bTmq,SCORED,,100.0,100.0,100.0,100.0,True
P15_V3,P15-C-INVOICE-001,qwen38max,1,P15-C-INVOICE-001__cQnGzn8,SCORED,,100.0,100.0,100.0,100.0,True
P15_V3,P15-C-PO-ADDENDUM-001,qwen38max,1,P15-C-PO-ADDENDUM-001__Wsx39yp,SCORED,,86.66666666666667,86.66666666666667,84.0,81.33333333333333,True
P15_V3,P15-C-QUOTE-001,qwen38max,1,P15-C-QUOTE-001__fBb2dMr,SCORED,,100.0,100.0,100.0,100.0,True
P15_V3,P15-C-RECEIPTS-001,qwen38max,1,P15-C-RECEIPTS-001__CZLhB4w,SCORED,,100.0,100.0,100.0,100.0,True
P15_V3,P15-C-STATEMENT-001,qwen38max,1,P15-C-STATEMENT-001__rr8ztQ9,SCORED,,100.0,100.0,100.0,100.0,True
P15_V3,P15-A-STAT-EXPERIMENT-001,codex_gpt56sol,1,P15-A-STAT-EXPERIMENT-001__fuqNasf,SCORED,,91.30434782608695,92.0,93.66666666666667,95.33333333333334,True
P15_V3,P15-B-FIN-RECON-001,claude_opus5,2,P15-B-FIN-RECON-001__g2ouRZX,SCORED,,38.46153846153847,39.53846153846154,36.01282051282052,32.48717948717948,False
P15_V3,P15-C-PO-ADDENDUM-001,codex_gpt56sol,1,P15-C-PO-ADDENDUM-001__WrujDRF,SCORED,,100.0,100.0,100.0,100.0,True
P15_V3,P15-C-PO-ADDENDUM-001,qwen38max,2,P15-C-PO-ADDENDUM-001__LfPowNA,SCORED,,63.33333333333333,61.17948717948718,62.46153846153846,63.743589743589745,False
P15_V3,P15-C-STATEMENT-001,codex_gpt56sol,1,P15-C-STATEMENT-001__HC38bt6,SCORED,,100.0,100.0,100.0,100.0,True
P15_V3,P15-B-PUBLIC-PIVOT-001,codex_gpt56sol,1,P15-B-PUBLIC-PIVOT-001__RJegFCU,NATIVE_RECALC_REQUIRED,,,,,,
P15_V3,P15-B-PUBLIC-PIVOT-001,claude_opus5,1,P15-B-PUBLIC-PIVOT-001__3hn9mjE,NATIVE_RECALC_REQUIRED,,,,,,
P15_V3,P15-A-FIN-DCF-001,claude_opus5,2,P15-A-FIN-DCF-001__Jhfc4qs,SCORED,,77.77777777777779,70.0,64.0,57.99999999999999,False
P15_V3,P15-A-STAT-EXPERIMENT-001,claude_opus5,2,P15-A-STAT-EXPERIMENT-001__dP5b4Ac,SCORED,,0.0,0.0,0.0,0.0,False
P15_V3,P15-A-ENG-SIZING-001,codex_gpt56sol,1,P15-A-ENG-SIZING-001__jQm7QPe,SCORED,,100.0,100.0,100.0,100.0,True
P15_V3,P15-A-POLICY-EIA-001,claude_opus5,2,P15-A-POLICY-EIA-001__Rf4votW,SCORED_LEGACY_CONTRACT_FLAGGED,Historical source units/baseline inconsistent. Legacy-contract diagnostic score retained; not mixed with corrected-contract acceptance.,36.0,33.95804195804196,31.580419580419584,29.202797202797203,False
P15_V3,P15-A-FIN-DEBUG-001,codex_gpt56sol,1,P15-A-FIN-DEBUG-001__tjEi6Ao,SCORED,,100.0,100.0,100.0,100.0,True
P15_V3,P15-B-OPS-CLEAN-JOIN-001,claude_opus5,2,P15-B-OPS-CLEAN-JOIN-001__AXp7WY6,SCORED,,73.07692307692307,71.53246753246754,70.03896103896103,68.54545454545455,True
P15_V3,P15-A-POLICY-EIA-001,codex_gpt56sol,1,P15-A-POLICY-EIA-001__fDP2yAZ,SCORED_LEGACY_CONTRACT_FLAGGED,Historical source units/baseline inconsistent. Legacy-contract diagnostic score retained; not mixed with corrected-contract acceptance.,36.0,33.95804195804196,31.580419580419584,29.202797202797203,False
P15_V3,P15-B-PUBLIC-PIVOT-001,claude_opus5,2,P15-B-PUBLIC-PIVOT-001__Kf29BRt,NATIVE_RECALC_REQUIRED,,,,,,
P15_V3,P15-A-ENG-SIZING-001,claude_opus5,2,P15-A-ENG-SIZING-001__25HhQEa,SCORED,,58.333333333333336,59.333333333333336,61.0,62.66666666666667,False
P15_V3,P15-B-FIN-RECON-001,codex_gpt56sol,1,P15-B-FIN-RECON-001__F3asQhw,SCORED,,100.0,100.0,100.0,100.0,True
P15_V3,P15-B-SALES-DISCOVERY-001,claude_opus5,2,P15-B-SALES-DISCOVERY-001__kqXCz52,SCORED,,100.0,100.0,100.0,100.0,True
P15_V3,P15-C-PO-ADDENDUM-001,claude_opus5,2,P15-C-PO-ADDENDUM-001__M7CiWf9,SCORED,,100.0,100.0,100.0,100.0,True
P15_V3,P15-C-STATEMENT-001,claude_opus5,2,P15-C-STATEMENT-001__AC9AZmb,SCORED,,100.0,100.0,100.0,100.0,True
P15_V3,P15-A-FIN-DEBUG-001,claude_opus5,3,P15-A-FIN-DEBUG-001__tDdyMMf,SCORED,,100.0,100.0,100.0,100.0,True
P15_V3,P15-C-INVOICE-001,codex_gpt56sol,1,P15-C-INVOICE-001__KAm2dxe,SCORED,,100.0,100.0,100.0,100.0,True
P15_V3,P15-C-QUOTE-001,qwen38max,2,P15-C-QUOTE-001__emETmAn,SCORED,,100.0,100.0,100.0,100.0,True
P15_V3,P15-C-RECEIPTS-001,qwen38max,2,P15-C-RECEIPTS-001__TMUtqRe,SCORED,,100.0,100.0,100.0,100.0,True
P15_V3,P15-B-FIN-RECON-001,claude_opus5,3,P15-B-FIN-RECON-001__yiYa4Qy,SCORED,,11.538461538461538,11.538461538461538,13.846153846153847,16.153846153846153,False
P15_V3,P15-B-HEALTH-REPORT-001,claude_opus5,2,P15-B-HEALTH-REPORT-001__rfcustc,SCORED,,62.96296296296296,62.61818181818182,62.981818181818184,63.34545454545455,False
P15_V3,P15-B-OPS-CLEAN-JOIN-001,claude_opus5,3,P15-B-OPS-CLEAN-JOIN-001__b5UVxw6,SCORED,,73.07692307692307,71.53246753246754,70.03896103896103,68.54545454545455,True
P15_V3,P15-C-STATEMENT-001,codex_gpt56sol,2,P15-C-STATEMENT-001__FUJ8Ss3,SCORED,,100.0,100.0,100.0,100.0,True
P15_V3,P15-C-PO-ADDENDUM-001,codex_gpt56sol,2,P15-C-PO-ADDENDUM-001__VnjXTfS,SCORED,,50.0,46.41025641025641,50.76923076923077,55.12820512820513,False
P15_V3,P15-A-POLICY-EIA-001,claude_opus5,3,P15-A-POLICY-EIA-001__C63wtJL,SCORED_LEGACY_CONTRACT_FLAGGED,Historical source units/baseline inconsistent. Legacy-contract diagnostic score retained; not mixed with corrected-contract acceptance.,56.00000000000001,54.97902097902097,53.790209790209786,52.6013986013986,False
P15_V3,P15-B-OPS-CLEAN-JOIN-001,qwen38max,2,P15-B-OPS-CLEAN-JOIN-001__qdjHj5s,SCORED,,100.0,100.0,100.0,100.0,True
P15_V3,P15-C-INVOICE-001,claude_opus5,2,P15-C-INVOICE-001__sDCC3Hk,SCORED,,6.896551724137931,2.0,2.0,2.0,False
P15_V3,P15-C-RECEIPTS-001,claude_opus5,2,P15-C-RECEIPTS-001__wzt8ziy,SCORED,,100.0,100.0,100.0,100.0,True
P15_V3,P15-A-STAT-EXPERIMENT-001,codex_gpt56sol,2,P15-A-STAT-EXPERIMENT-001__2eQaPX7,SCORED,,91.30434782608695,90.0,88.0,86.0,True
P15_V3,P15-B-PUBLIC-PIVOT-001,claude_opus5,3,P15-B-PUBLIC-PIVOT-001__aWPskiN,NATIVE_RECALC_REQUIRED,,,,,,
P15_V3,P15-A-FIN-DCF-001,claude_opus5,3,P15-A-FIN-DCF-001__BzLQFVw,SCORED,,3.7037037037037033,2.0,2.0,2.0,False
P15_V3,P15-B-FIN-RECON-001,claude_opus5,4,P15-B-FIN-RECON-001__STwok8f,SCORED,,11.538461538461538,11.538461538461538,13.846153846153847,16.153846153846153,False
P15_V3,P15-C-QUOTE-001,codex_gpt56sol,1,P15-C-QUOTE-001__go6MvZb,SCORED,,100.0,100.0,100.0,100.0,True
P15_V3,P15-C-RECEIPTS-001,qwen38max,3,P15-C-RECEIPTS-001__Pxb5wDP,SCORED,,100.0,100.0,100.0,100.0,True
P15_V3,P15-A-FIN-DEBUG-001,codex_gpt56sol,2,P15-A-FIN-DEBUG-001__apHnx6m,SCORED,,100.0,100.0,100.0,100.0,True
P15_V3,P15-B-SALES-DISCOVERY-001,claude_opus5,3,P15-B-SALES-DISCOVERY-001__WU6G6xK,SCORED,,100.0,100.0,100.0,100.0,True
P15_V3,P15-C-PO-ADDENDUM-001,claude_opus5,3,P15-C-PO-ADDENDUM-001__ejtM9L8,SCORED,,86.66666666666667,86.66666666666667,84.0,81.33333333333333,True
P15_V3,P15-C-QUOTE-001,qwen38max,3,P15-C-QUOTE-001__8CeBX8n,SCORED,,100.0,100.0,100.0,100.0,True
P15_V3,P15-C-STATEMENT-001,claude_opus5,3,P15-C-STATEMENT-001__wambr62,SCORED,,16.666666666666664,13.076923076923078,10.76923076923077,8.461538461538462,False
P15_V3,P15-A-ENG-SIZING-001,codex_gpt56sol,2,P15-A-ENG-SIZING-001__4v2pTkg,SCORED,,100.0,100.0,100.0,100.0,True
P15_V3,P15-C-RECEIPTS-001,codex_gpt56sol,1,P15-C-RECEIPTS-001__zZpPMMn,SCORED,,100.0,100.0,100.0,100.0,True
P15_V3,P15-C-INVOICE-001,qwen38max,2,P15-C-INVOICE-001__5kNZfyS,SCORED,,100.0,100.0,100.0,100.0,True
P15_V3,P15-B-OPS-CLEAN-JOIN-001,claude_opus5,4,P15-B-OPS-CLEAN-JOIN-001__p5iSNHG,SCORED,,73.07692307692307,71.53246753246754,70.03896103896103,68.54545454545455,True
P15_V3,P15-A-ENG-SIZING-001,claude_opus5,3,P15-A-ENG-SIZING-001__LKTynXF,SCORED,,45.83333333333333,42.66666666666667,41.0,39.33333333333333,False
P15_V3,P15-B-FIN-RECON-001,codex_gpt56sol,2,P15-B-FIN-RECON-001__ARe5ep9,SCORED,,61.53846153846154,63.07692307692307,59.35897435897436,55.64102564102564,False
P15_V3,P15-C-RECEIPTS-001,claude_opus5,3,P15-C-RECEIPTS-001__6oZ6MzH,SCORED,,100.0,100.0,100.0,100.0,True
P15_V3,P15-A-FIN-DCF-001,claude_opus5,4,P15-A-FIN-DCF-001__LxpVf7z,SCORED,,3.7037037037037033,2.0,2.0,2.0,False
P15_V3,P15-A-POLICY-EIA-001,codex_gpt56sol,2,P15-A-POLICY-EIA-001__2VZzoSo,SCORED_LEGACY_CONTRACT_FLAGGED,Historical source units/baseline inconsistent. Legacy-contract diagnostic score retained; not mixed with corrected-contract acceptance.,56.00000000000001,54.97902097902097,53.790209790209786,52.6013986013986,False
P15_V3,P15-A-STAT-EXPERIMENT-001,claude_opus5,3,P15-A-STAT-EXPERIMENT-001__vcMAnD9,SCORED,,100.0,100.0,100.0,100.0,True
P15_V3,P15-B-SALES-DISCOVERY-001,qwen38max,2,P15-B-SALES-DISCOVERY-001__PFjoLEa,SCORED,,100.0,100.0,100.0,100.0,True
P15_V3,P15-C-STATEMENT-001,claude_opus5,4,P15-C-STATEMENT-001__8iCtmij,SCORED,,76.66666666666667,75.23076923076924,76.3076923076923,77.38461538461539,True
P15_V3,P15-A-POLICY-EIA-001,claude_opus5,4,P15-A-POLICY-EIA-001__5kQePNu,SCORED_LEGACY_CONTRACT_FLAGGED,Historical source units/baseline inconsistent. Legacy-contract diagnostic score retained; not mixed with corrected-contract acceptance.,48.0,47.59440559440559,47.94405594405595,48.29370629370629,False
P15_V3,P15-C-RECEIPTS-001,qwen38max,4,P15-C-RECEIPTS-001__9to9vTq,SCORED,,100.0,100.0,100.0,100.0,True
P15_V3,P15-C-QUOTE-001,qwen38max,4,P15-C-QUOTE-001__BoYWnfA,SCORED,,100.0,100.0,100.0,100.0,True
P15_V3,P15-B-FIN-RECON-001,claude_opus5,5,P15-B-FIN-RECON-001__ExBKx5U,SCORED,,23.076923076923077,23.53846153846154,23.346153846153847,23.153846153846153,False
P15_V3,P15-B-HEALTH-REPORT-001,codex_gpt56sol,1,P15-B-HEALTH-REPORT-001__Hudaotw,SCORED,,55.55555555555556,61.6,69.6,77.60000000000001,False
P15_V3,P15-A-FIN-DEBUG-001,claude_opus5,4,P15-A-FIN-DEBUG-001__E5fcYzP,SCORED,,100.0,100.0,100.0,100.0,True
P15_V3,P15-C-PO-ADDENDUM-001,qwen38max,3,P15-C-PO-ADDENDUM-001__PAHmgn9,SCORED,,63.33333333333333,61.17948717948718,62.46153846153846,63.743589743589745,False
P15_V3,P15-B-PUBLIC-PIVOT-001,codex_gpt56sol,2,P15-B-PUBLIC-PIVOT-001__iQ9Psen,SCORED,,100.0,100.0,100.0,100.0,True
P15_V3,P15-B-OPS-CLEAN-JOIN-001,claude_opus5,5,P15-B-OPS-CLEAN-JOIN-001__y4FTvcY,SCORED,,53.84615384615385,51.03896103896104,48.24675324675325,45.45454545454545,False
P15_V3,P15-B-HEALTH-REPORT-001,claude_opus5,3,P15-B-HEALTH-REPORT-001__q7nUjTu,SCORED,,37.03703703703704,30.8,24.8,18.8,False
P15_V3,P15-A-FIN-DCF-001,claude_opus5,5,P15-A-FIN-DCF-001__hKw7tm9,SCORED,,3.7037037037037033,2.0,2.0,2.0,False
P15_V3,P15-C-INVOICE-001,claude_opus5,3,P15-C-INVOICE-001__XEDG2nh,SCORED,,75.86206896551724,74.63736263736264,74.08791208791209,73.53846153846155,True
P15_V3,P15-B-OPS-CLEAN-JOIN-001,qwen38max,3,P15-B-OPS-CLEAN-JOIN-001__s8SRDV8,SCORED,,100.0,100.0,100.0,100.0,True
P15_V3,P15-C-PO-ADDENDUM-001,codex_gpt56sol,3,P15-C-PO-ADDENDUM-001__NGNRgBn,SCORED,,100.0,100.0,100.0,100.0,True
P15_V3,P15-A-FIN-DEBUG-001,codex_gpt56sol,3,P15-A-FIN-DEBUG-001__Bcg6GPu,SCORED,,100.0,100.0,100.0,100.0,True
P15_V3,P15-C-RECEIPTS-001,qwen38max,5,P15-C-RECEIPTS-001__Grr3eVS,SCORED,,100.0,100.0,100.0,100.0,True
P15_V3,P15-C-QUOTE-001,qwen38max,5,P15-C-QUOTE-001__65CPiz3,SCORED,,100.0,100.0,100.0,100.0,True
P15_V3,P15-C-STATEMENT-001,codex_gpt56sol,3,P15-C-STATEMENT-001__xUTbRBF,SCORED,,90.0,88.92307692307693,91.23076923076923,93.53846153846153,True
P15_V3,P15-B-SALES-DISCOVERY-001,claude_opus5,4,P15-B-SALES-DISCOVERY-001__76v2XLQ,SCORED,,88.0,86.9090909090909,89.63636363636364,92.36363636363636,True
P15_V3,P15-A-ENG-SIZING-001,claude_opus5,4,P15-A-ENG-SIZING-001__JE8SeAS,JUDGE_ERROR,,,,,,
P15_V3,P15-A-STAT-EXPERIMENT-001,codex_gpt56sol,3,P15-A-STAT-EXPERIMENT-001__tyxDczH,SCORED,,100.0,100.0,100.0,100.0,True
P15_V3,P15-B-FIN-RECON-001,claude_opus5,6,P15-B-FIN-RECON-001__muJ7B7s,SCORED,,0.0,0.0,0.0,0.0,False
P15_V3,P15-A-FIN-DCF-001,codex_gpt56sol,1,P15-A-FIN-DCF-001__rUsR9XK,SCORED,,100.0,100.0,100.0,100.0,True
P15_V3,P15-C-RECEIPTS-001,codex_gpt56sol,2,P15-C-RECEIPTS-001__uPQkdPf,SCORED,,100.0,100.0,100.0,100.0,True
P15_V3,P15-B-PUBLIC-PIVOT-001,claude_opus5,4,P15-B-PUBLIC-PIVOT-001__hRjidzy,SCORED,,100.0,100.0,100.0,100.0,True
P15_V3,P15-C-PO-ADDENDUM-001,claude_opus5,4,P15-C-PO-ADDENDUM-001__hzmVbKo,SCORED,,90.0,90.0,88.0,86.0,True
P15_V3,P15-B-HEALTH-REPORT-001,codex_gpt56sol,2,P15-B-HEALTH-REPORT-001__vMjZFSn,SCORED,,100.0,100.0,100.0,100.0,True
P15_V3,P15-B-PUBLIC-PIVOT-001,qwen38max,1,P15-B-PUBLIC-PIVOT-001__cxo5Xar,SCORED,,100.0,100.0,100.0,100.0,True
P15_V3,P15-C-STATEMENT-001,claude_opus5,5,P15-C-STATEMENT-001__TqKDKrk,SCORED,,100.0,100.0,100.0,100.0,True
P15_V3,P15-B-SALES-DISCOVERY-001,codex_gpt56sol,1,P15-B-SALES-DISCOVERY-001__o4Le5Xz,SCORED,,100.0,100.0,100.0,100.0,True
P15_V3,P15-C-INVOICE-001,claude_opus5,4,P15-C-INVOICE-001__8eg6ruZ,SCORED,,65.51724137931035,64.28571428571429,57.14285714285714,50.0,False
P15_V3,P15-B-HEALTH-REPORT-001,qwen38max,2,P15-B-HEALTH-REPORT-001__KpVoNsE,SCORED,,92.5925925925926,93.60000000000001,94.93333333333334,96.26666666666667,True
P15_V3,P15-B-HEALTH-REPORT-001,claude_opus5,4,P15-B-HEALTH-REPORT-001__FuAWB98,SCORED,,100.0,100.0,100.0,100.0,True
P15_V3,P15-C-QUOTE-001,codex_gpt56sol,2,P15-C-QUOTE-001__8SXcV38,SCORED,,100.0,100.0,100.0,100.0,True
P15_V3,P15-A-FIN-DEBUG-001,qwen38max,2,P15-A-FIN-DEBUG-001__WHzgFTw,SCORED,,100.0,100.0,100.0,100.0,True
P15_V3,P15-A-ENG-SIZING-001,codex_gpt56sol,3,P15-A-ENG-SIZING-001__uyK5fH4,SCORED,,100.0,100.0,100.0,100.0,True
P15_V3,P15-B-FIN-RECON-001,qwen38max,2,P15-B-FIN-RECON-001__ZPzABJc,SCORED,,61.53846153846154,63.07692307692307,59.35897435897436,55.64102564102564,False
P15_V3,P15-A-FIN-DCF-001,qwen38max,2,P15-A-FIN-DCF-001__2qmqAJN,SCORED,,100.0,100.0,100.0,100.0,True
P15_V3,P15-A-POLICY-EIA-001,qwen38max,2,P15-A-POLICY-EIA-001__kGJHJUL,SCORED_LEGACY_CONTRACT_FLAGGED,Historical source units/baseline inconsistent. Legacy-contract diagnostic score retained; not mixed with corrected-contract acceptance.,56.00000000000001,54.97902097902097,53.790209790209786,52.6013986013986,False
P15_V3,P15-C-STATEMENT-001,qwen38max,2,P15-C-STATEMENT-001__d7xWwkU,SCORED,,90.0,88.92307692307693,91.23076923076923,93.53846153846153,True
P15_V3,P15-A-STAT-EXPERIMENT-001,qwen38max,2,P15-A-STAT-EXPERIMENT-001__FRtjsVX,SCORED,,91.30434782608695,90.0,88.0,86.0,True
P15_V3,P15-C-QUOTE-001,claude_opus5,2,P15-C-QUOTE-001__6WXcvwh,SCORED,,75.86206896551724,76.0,81.0,86.0,True
P15_V3,P15-A-POLICY-EIA-001,codex_gpt56sol,3,P15-A-POLICY-EIA-001__mvPJSFt,SCORED_LEGACY_CONTRACT_FLAGGED,Historical source units/baseline inconsistent. Legacy-contract diagnostic score retained; not mixed with corrected-contract acceptance.,100.0,100.0,100.0,100.0,True
P15_V3,P15-A-ENG-SIZING-001,qwen38max,2,P15-A-ENG-SIZING-001__xUVYkAG,SCORED,,100.0,100.0,100.0,100.0,True
P15_V3,P15-A-FIN-DEBUG-001,claude_opus5,5,P15-A-FIN-DEBUG-001__jaCyeMU,SCORED,,100.0,100.0,100.0,100.0,True
P15_V3,P15-C-INVOICE-001,codex_gpt56sol,2,P15-C-INVOICE-001__NGwdYcT,SCORED,,100.0,100.0,100.0,100.0,True
P15_V3,P15-B-HEALTH-REPORT-001,qwen38max,3,P15-B-HEALTH-REPORT-001__DQbFV3V,SCORED,,92.5925925925926,93.60000000000001,94.93333333333334,96.26666666666667,True
P15_V3,P15-C-RECEIPTS-001,claude_opus5,4,P15-C-RECEIPTS-001__5h7kzpx,SCORED,,100.0,100.0,100.0,100.0,True
P15_V3,P15-B-FIN-RECON-001,codex_gpt56sol,3,P15-B-FIN-RECON-001__vi8oDQJ,SCORED,,61.53846153846154,63.07692307692307,59.35897435897436,55.64102564102564,False
P15_V3,P15-A-STAT-EXPERIMENT-001,claude_opus5,4,P15-A-STAT-EXPERIMENT-001__Z8ZHWpz,SCORED,,100.0,100.0,100.0,100.0,True
P15_V3,P15-C-INVOICE-001,qwen38max,3,P15-C-INVOICE-001__VDbDKe7,SCORED,,100.0,100.0,100.0,100.0,True
P15_V3,P15-C-PO-ADDENDUM-001,claude_opus5,5,P15-C-PO-ADDENDUM-001__2FWnxix,SCORED,,86.66666666666667,86.66666666666667,84.0,81.33333333333333,True
P15_V3,P15-A-FIN-DCF-001,codex_gpt56sol,2,P15-A-FIN-DCF-001__e4k8Hqr,SCORED,,88.88888888888889,91.0,92.875,94.75,True
P15_V3,P15-A-FIN-DEBUG-001,qwen38max,3,P15-A-FIN-DEBUG-001__4WonD86,SCORED,,100.0,100.0,100.0,100.0,True
P15_V3,P15-C-STATEMENT-001,claude_opus5,6,P15-C-STATEMENT-001__VKJbFYL,SCORED,,6.666666666666667,2.0,2.0,2.0,False
P15_V3,P15-C-RECEIPTS-001,codex_gpt56sol,3,P15-C-RECEIPTS-001__9Kv4gH7,SCORED,,100.0,100.0,100.0,100.0,True
P15_V3,P15-C-INVOICE-001,claude_opus5,5,P15-C-INVOICE-001__usXvfZj,SCORED,,100.0,100.0,100.0,100.0,True
P15_V3,P15-B-FIN-RECON-001,qwen38max,3,P15-B-FIN-RECON-001__4m5bfEr,SCORED,,61.53846153846154,63.07692307692307,59.35897435897436,55.64102564102564,False
P15_V3,P15-B-HEALTH-REPORT-001,claude_opus5,5,P15-B-HEALTH-REPORT-001__MRf9Xbf,SCORED,,88.88888888888889,86.36363636363636,83.63636363636363,80.9090909090909,True
P15_V3,P15-A-FIN-DCF-001,qwen38max,3,P15-A-FIN-DCF-001__W2KH4Hv,SCORED,,100.0,100.0,100.0,100.0,True
P15_V3,P15-B-OPS-CLEAN-JOIN-001,codex_gpt56sol,1,P15-B-OPS-CLEAN-JOIN-001__gK8tQgf,SCORED,,100.0,100.0,100.0,100.0,True
P15_V3,P15-C-QUOTE-001,claude_opus5,3,P15-C-QUOTE-001__aXUzfSS,SCORED,,17.24137931034483,12.285714285714286,10.142857142857142,8.0,False
P15_V3,P15-A-POLICY-EIA-001,qwen38max,3,P15-A-POLICY-EIA-001__FWmJ2wQ,SCORED_LEGACY_CONTRACT_FLAGGED,Historical source units/baseline inconsistent. Legacy-contract diagnostic score retained; not mixed with corrected-contract acceptance.,56.00000000000001,54.97902097902097,53.790209790209786,52.6013986013986,False
P15_V3,P15-A-POLICY-EIA-001,claude_opus5,5,P15-A-POLICY-EIA-001__wbJ82s9,SCORED_LEGACY_CONTRACT_FLAGGED,Historical source units/baseline inconsistent. Legacy-contract diagnostic score retained; not mixed with corrected-contract acceptance.,56.00000000000001,54.97902097902097,53.790209790209786,52.6013986013986,False
P15_V3,P15-B-OPS-CLEAN-JOIN-001,claude_opus5,6,P15-B-OPS-CLEAN-JOIN-001__dmHx7i8,JUDGE_ERROR,,,,,,
P15_V3,P15-C-STATEMENT-001,qwen38max,3,P15-C-STATEMENT-001__aPEf9x7,SCORED,,100.0,100.0,100.0,100.0,True
P15_V3,P15-B-HEALTH-REPORT-001,codex_gpt56sol,3,P15-B-HEALTH-REPORT-001__Q9bGfFU,SCORED,,100.0,100.0,100.0,100.0,True
P15_V3,P15-B-FIN-RECON-001,claude_opus5,7,P15-B-FIN-RECON-001__3BWj8oV,SCORED,,0.0,0.0,0.0,0.0,False
P15_V3,P15-A-STAT-EXPERIMENT-001,qwen38max,3,P15-A-STAT-EXPERIMENT-001__YoanW9j,SCORED,,100.0,100.0,100.0,100.0,True
P15_V3,P15-C-PO-ADDENDUM-001,codex_gpt56sol,4,P15-C-PO-ADDENDUM-001__86wiDJS,SCORED,,63.33333333333333,61.17948717948718,62.46153846153846,63.743589743589745,False
P15_V3,P15-A-FIN-DEBUG-001,claude_opus5,6,P15-A-FIN-DEBUG-001__6DYxLiY,SCORED,,100.0,100.0,100.0,100.0,True
P15_V3,P15-C-RECEIPTS-001,claude_opus5,5,P15-C-RECEIPTS-001__yy9zA4S,SCORED,,6.666666666666667,2.0,2.0,2.0,False
P15_V3,P15-B-SALES-DISCOVERY-001,codex_gpt56sol,2,P15-B-SALES-DISCOVERY-001__pzuwiJe,SCORED,,100.0,100.0,100.0,100.0,True
P15_V3,P15-A-ENG-SIZING-001,qwen38max,3,P15-A-ENG-SIZING-001__dCKHBeE,SCORED,,100.0,100.0,100.0,100.0,True
P15_V3,P15-A-STAT-EXPERIMENT-001,claude_opus5,5,P15-A-STAT-EXPERIMENT-001__PQoo9Te,SCORED,,69.56521739130434,69.0,69.33333333333334,69.66666666666667,False
P15_V3,P15-A-FIN-DEBUG-001,codex_gpt56sol,4,P15-A-FIN-DEBUG-001__ZPGWLAJ,SCORED,,100.0,100.0,100.0,100.0,True
P15_V3,P15-B-HEALTH-REPORT-001,qwen38max,4,P15-B-HEALTH-REPORT-001__iqq3VmU,SCORED,,29.629629629629626,24.4,19.733333333333334,15.066666666666666,False
P15_V3,P15-C-PO-ADDENDUM-001,claude_opus5,6,P15-C-PO-ADDENDUM-001__EyPZN4Y,SCORED,,50.0,47.84615384615385,46.46153846153846,45.07692307692307,False
P15_V3,P15-C-INVOICE-001,qwen38max,4,P15-C-INVOICE-001__YzNa2yw,SCORED,,100.0,100.0,100.0,100.0,True
P15_V3,P15-C-STATEMENT-001,claude_opus5,7,P15-C-STATEMENT-001__vCFfASs,SCORED,,76.66666666666667,75.23076923076924,76.3076923076923,77.38461538461539,True
P15_V3,P15-C-INVOICE-001,claude_opus5,6,P15-C-INVOICE-001__ENRKnxn,SCORED,,100.0,100.0,100.0,100.0,True
P15_V3,P15-A-FIN-DEBUG-001,qwen38max,4,P15-A-FIN-DEBUG-001__9gXgihn,SCORED,,100.0,100.0,100.0,100.0,True
P15_V3,P15-B-FIN-RECON-001,codex_gpt56sol,4,P15-B-FIN-RECON-001__n6wuxho,SCORED,,23.076923076923077,23.53846153846154,23.346153846153847,23.153846153846153,False
P15_V3,P15-B-HEALTH-REPORT-001,claude_opus5,6,P15-B-HEALTH-REPORT-001__AjBPfrw,SCORED,,74.07407407407408,68.18181818181817,61.81818181818181,55.45454545454545,False
P15_V3,P15-C-INVOICE-001,codex_gpt56sol,3,P15-C-INVOICE-001__4Dka9FE,SCORED,,75.86206896551724,75.86206896551724,75.86206896551724,75.86206896551724,True
P15_V3,P15-A-FIN-DCF-001,qwen38max,4,P15-A-FIN-DCF-001__i4jzaCi,SCORED,,100.0,100.0,100.0,100.0,True
P15_V3,P15-C-QUOTE-001,claude_opus5,4,P15-C-QUOTE-001__358yaXq,SCORED,,6.896551724137931,2.0,2.0,2.0,False
P15_V3,P15-B-FIN-RECON-001,qwen38max,4,P15-B-FIN-RECON-001__SrtfhxZ,SCORED,,61.53846153846154,63.07692307692307,59.35897435897436,55.64102564102564,False
P15_V3,P15-B-SALES-DISCOVERY-001,claude_opus5,5,P15-B-SALES-DISCOVERY-001__mtfTaeG,SCORED,,68.0,65.0909090909091,72.36363636363636,79.63636363636364,True
P15_V3,P15-A-POLICY-EIA-001,qwen38max,4,P15-A-POLICY-EIA-001__aHyb7oo,SCORED_LEGACY_CONTRACT_FLAGGED,Historical source units/baseline inconsistent. Legacy-contract diagnostic score retained; not mixed with corrected-contract acceptance.,56.00000000000001,54.97902097902097,53.790209790209786,52.6013986013986,False
P15_V3,P15-A-FIN-DCF-001,claude_opus5,6,P15-A-FIN-DCF-001__Ku5EL5E,SCORED,,3.7037037037037033,2.0,2.0,2.0,False
P15_V3,P15-A-ENG-SIZING-001,claude_opus5,5,P15-A-ENG-SIZING-001__7r7PPLa,JUDGE_ERROR,,,,,,
P15_V3,P15-C-STATEMENT-001,qwen38max,4,P15-C-STATEMENT-001__V6BAgUp,SCORED,,100.0,100.0,100.0,100.0,True
P15_V3,P15-A-POLICY-EIA-001,claude_opus5,6,P15-A-POLICY-EIA-001__wDzj5Yy,SCORED_LEGACY_CONTRACT_FLAGGED,Historical source units/baseline inconsistent. Legacy-contract diagnostic score retained; not mixed with corrected-contract acceptance.,56.00000000000001,54.97902097902097,53.790209790209786,52.6013986013986,False
P15_V3,P15-C-QUOTE-001,codex_gpt56sol,3,P15-C-QUOTE-001__TP7LcW4,SCORED,,100.0,100.0,100.0,100.0,True
P15_V3,P15-A-STAT-EXPERIMENT-001,qwen38max,4,P15-A-STAT-EXPERIMENT-001__AFqMGUg,SCORED,,100.0,100.0,100.0,100.0,True
P15_V3,P15-A-ENG-SIZING-001,codex_gpt56sol,4,P15-A-ENG-SIZING-001__Nv4s5uE,SCORED,,100.0,100.0,100.0,100.0,True
P15_V3,P15-B-OPS-CLEAN-JOIN-001,claude_opus5,7,P15-B-OPS-CLEAN-JOIN-001__sEX4ETg,JUDGE_ERROR,,,,,,
P15_V3,P15-C-PO-ADDENDUM-001,qwen38max,4,P15-C-PO-ADDENDUM-001__WgJCezU,SCORED,,63.33333333333333,61.17948717948718,62.46153846153846,63.743589743589745,False
P15_V3,P15-A-POLICY-EIA-001,codex_gpt56sol,4,P15-A-POLICY-EIA-001__Z8iiEoB,SCORED_LEGACY_CONTRACT_FLAGGED,Historical source units/baseline inconsistent. Legacy-contract diagnostic score retained; not mixed with corrected-contract acceptance.,100.0,100.0,100.0,100.0,True
P15_V3,P15-A-ENG-SIZING-001,qwen38max,4,P15-A-ENG-SIZING-001__yHH24U3,SCORED,,100.0,100.0,100.0,100.0,True
P15_V3,P15-A-FIN-DCF-001,codex_gpt56sol,3,P15-A-FIN-DCF-001__XtVVEWd,SCORED,,88.88888888888889,91.0,92.875,94.75,True
P15_V3,P15-B-HEALTH-REPORT-001,qwen38max,5,P15-B-HEALTH-REPORT-001__SbVsGb8,SCORED,,81.48148148148148,79.96363636363635,78.56969696969696,77.17575757575757,True
P15_V3,P15-C-INVOICE-001,qwen38max,5,P15-C-INVOICE-001__MRRn5xM,SCORED,,100.0,100.0,100.0,100.0,True
P15_V3,P15-C-RECEIPTS-001,codex_gpt56sol,4,P15-C-RECEIPTS-001__YjFhTNQ,SCORED,,100.0,100.0,100.0,100.0,True
P15_V3,P15-B-OPS-CLEAN-JOIN-001,codex_gpt56sol,2,P15-B-OPS-CLEAN-JOIN-001__3A4RDxL,SCORED,,100.0,100.0,100.0,100.0,True
P15_V3,P15-A-FIN-DEBUG-001,qwen38max,5,P15-A-FIN-DEBUG-001__nudYymK,SCORED,,100.0,100.0,100.0,100.0,True
P15_V3,P15-B-HEALTH-REPORT-001,codex_gpt56sol,4,P15-B-HEALTH-REPORT-001__o7UMTU4,SCORED,,92.5925925925926,93.60000000000001,94.93333333333334,96.26666666666667,True
P15_V3,P15-A-FIN-DCF-001,qwen38max,5,P15-A-FIN-DCF-001__rXCaZEU,SCORED,,100.0,100.0,100.0,100.0,True
P15_V3,P15-C-STATEMENT-001,codex_gpt56sol,4,P15-C-STATEMENT-001__HvhKakj,SCORED,,90.0,88.92307692307693,91.23076923076923,93.53846153846153,True
P15_V3,P15-B-FIN-RECON-001,qwen38max,5,P15-B-FIN-RECON-001__DDBffoS,SCORED,,61.53846153846154,63.07692307692307,59.35897435897436,55.64102564102564,False
P15_V3,P15-A-POLICY-EIA-001,qwen38max,5,P15-A-POLICY-EIA-001__epgmdAe,SCORED_LEGACY_CONTRACT_FLAGGED,Historical source units/baseline inconsistent. Legacy-contract diagnostic score retained; not mixed with corrected-contract acceptance.,56.00000000000001,54.97902097902097,53.790209790209786,52.6013986013986,False
P15_V3,P15-C-PO-ADDENDUM-001,codex_gpt56sol,5,P15-C-PO-ADDENDUM-001__SDFoKeB,SCORED,,86.66666666666667,86.66666666666667,84.0,81.33333333333333,True
P15_V3,P15-C-STATEMENT-001,qwen38max,5,P15-C-STATEMENT-001__S7Z6bCV,SCORED,,90.0,88.92307692307693,91.23076923076923,93.53846153846153,True
P15_V3,P15-B-SALES-DISCOVERY-001,codex_gpt56sol,3,P15-B-SALES-DISCOVERY-001__eCrNsTT,SCORED,,100.0,100.0,100.0,100.0,True
P15_V3,P15-A-FIN-DEBUG-001,codex_gpt56sol,5,P15-A-FIN-DEBUG-001__BhAmKAq,SCORED,,100.0,100.0,100.0,100.0,True
P15_V3,P15-A-STAT-EXPERIMENT-001,qwen38max,5,P15-A-STAT-EXPERIMENT-001__HdYbirg,SCORED,,100.0,100.0,100.0,100.0,True
P15_V3,P15-B-OPS-CLEAN-JOIN-001,qwen38max,4,P15-B-OPS-CLEAN-JOIN-001__CRuEEJY,SCORED,,88.46153846153845,86.36363636363636,83.63636363636363,80.9090909090909,True
P15_V3,P15-B-FIN-RECON-001,codex_gpt56sol,5,P15-B-FIN-RECON-001__Kw9QwaD,SCORED,,61.53846153846154,63.07692307692307,59.35897435897436,55.64102564102564,False
P15_V3,P15-B-SALES-DISCOVERY-001,qwen38max,3,P15-B-SALES-DISCOVERY-001__95zo8u2,SCORED,,100.0,100.0,100.0,100.0,True
P15_V3,P15-C-RECEIPTS-001,qwen38max,6,P15-C-RECEIPTS-001__v5bq6xe,SCORED,,100.0,100.0,100.0,100.0,True
P15_V3,P15-C-INVOICE-001,codex_gpt56sol,4,P15-C-INVOICE-001__WUWwYgg,SCORED,,100.0,100.0,100.0,100.0,True
P15_V3,P15-C-QUOTE-001,codex_gpt56sol,4,P15-C-QUOTE-001__EUaDVfG,SCORED,,100.0,100.0,100.0,100.0,True
P15_V3,P15-C-PO-ADDENDUM-001,qwen38max,5,P15-C-PO-ADDENDUM-001__bgGE56H,SCORED,,50.0,47.84615384615385,46.46153846153846,45.07692307692307,False
P15_V3,P15-C-QUOTE-001,qwen38max,6,P15-C-QUOTE-001__qseM7SN,SCORED,,100.0,100.0,100.0,100.0,True
P15_V3,P15-A-ENG-SIZING-001,codex_gpt56sol,5,P15-A-ENG-SIZING-001__aisY2Yb,SCORED,,83.33333333333334,77.77777777777779,73.33333333333333,68.88888888888889,True
P15_V3,P15-A-POLICY-EIA-001,codex_gpt56sol,5,P15-A-POLICY-EIA-001__sLXLXvU,SCORED_LEGACY_CONTRACT_FLAGGED,Historical source units/baseline inconsistent. Legacy-contract diagnostic score retained; not mixed with corrected-contract acceptance.,100.0,100.0,100.0,100.0,True
P15_V3,P15-A-ENG-SIZING-001,qwen38max,5,P15-A-ENG-SIZING-001__h4Stu3w,SCORED,,100.0,100.0,100.0,100.0,True
P15_V3,P15-A-FIN-DCF-001,codex_gpt56sol,4,P15-A-FIN-DCF-001__3WbskXH,SCORED,,100.0,100.0,100.0,100.0,True
P15_V3,P15-B-FIN-RECON-001,claude_opus5,8,P15-B-FIN-RECON-001__VGrJmaC,SCORED,,38.46153846153847,39.53846153846154,36.01282051282052,32.48717948717948,False
P15_V3,P15-B-HEALTH-REPORT-001,qwen38max,6,P15-B-HEALTH-REPORT-001__HQFW8nE,SCORED,,81.48148148148148,79.96363636363635,78.56969696969696,77.17575757575757,True
P15_V3,P15-A-FIN-DEBUG-001,claude_opus5,7,P15-A-FIN-DEBUG-001__KfL8SoG,SCORED,,100.0,100.0,100.0,100.0,True
P15_V3,P15-C-RECEIPTS-001,codex_gpt56sol,5,P15-C-RECEIPTS-001__iRfoG3n,SCORED,,100.0,100.0,100.0,100.0,True
P15_V3,P15-C-INVOICE-001,qwen38max,6,P15-C-INVOICE-001__coXj7sE,SCORED,,100.0,100.0,100.0,100.0,True
P15_V3,P15-A-STAT-EXPERIMENT-001,claude_opus5,6,P15-A-STAT-EXPERIMENT-001__YkpPfzs,SCORED,,65.21739130434783,68.0,74.66666666666667,81.33333333333333,True
P15_V3,P15-B-OPS-CLEAN-JOIN-001,codex_gpt56sol,3,P15-B-OPS-CLEAN-JOIN-001__kAJfACz,SCORED,,92.3076923076923,93.14285714285714,94.57142857142857,96.0,True
P15_V3,P15-A-FIN-DEBUG-001,qwen38max,6,P15-A-FIN-DEBUG-001__Wqq4KbM,SCORED,,100.0,100.0,100.0,100.0,True
P15_V3,P15-C-RECEIPTS-001,claude_opus5,6,P15-C-RECEIPTS-001__n9sALZQ,SCORED,,6.666666666666667,2.0,2.0,2.0,False
P15_V3,P15-B-HEALTH-REPORT-001,codex_gpt56sol,5,P15-B-HEALTH-REPORT-001__HgUsuAj,SCORED,,88.88888888888889,86.36363636363636,83.63636363636363,80.9090909090909,True
P15_V3,P15-C-PO-ADDENDUM-001,claude_opus5,7,P15-C-PO-ADDENDUM-001__es3pjAG,SCORED,,100.0,100.0,100.0,100.0,True
P15_V3,P15-A-FIN-DCF-001,qwen38max,6,P15-A-FIN-DCF-001__ceaGFgK,SCORED,,100.0,100.0,100.0,100.0,True
P15_V3,P15-B-FIN-RECON-001,qwen38max,6,P15-B-FIN-RECON-001__XopxuvR,SCORED,,61.53846153846154,63.07692307692307,59.35897435897436,55.64102564102564,False
P15_V3,P15-A-STAT-EXPERIMENT-001,codex_gpt56sol,4,P15-A-STAT-EXPERIMENT-001__Veo7a7V,SCORED,,73.91304347826086,70.0,64.0,57.99999999999999,False
P15_V3,P15-C-INVOICE-001,claude_opus5,7,P15-C-INVOICE-001__8FRvaYV,SCORED,,100.0,100.0,100.0,100.0,True
P15_V3,P15-A-POLICY-EIA-001,qwen38max,6,P15-A-POLICY-EIA-001__KyHuixJ,SCORED_LEGACY_CONTRACT_FLAGGED,Historical source units/baseline inconsistent. Legacy-contract diagnostic score retained; not mixed with corrected-contract acceptance.,100.0,100.0,100.0,100.0,True
P15_V3,P15-B-HEALTH-REPORT-001,claude_opus5,7,P15-B-HEALTH-REPORT-001__dfto9qi,SCORED,,100.0,100.0,100.0,100.0,True
P15_V3,P15-C-STATEMENT-001,codex_gpt56sol,5,P15-C-STATEMENT-001__Eg3z8k9,SCORED,,100.0,100.0,100.0,100.0,True
P15_V3,P15-C-QUOTE-001,claude_opus5,5,P15-C-QUOTE-001__cbgphjP,JUDGE_ERROR,,,,,,
P15_V3,P15-A-STAT-EXPERIMENT-001,qwen38max,6,P15-A-STAT-EXPERIMENT-001__qAJ9FkL,SCORED,,100.0,100.0,100.0,100.0,True
P15_V3,P15-C-PO-ADDENDUM-001,codex_gpt56sol,6,P15-C-PO-ADDENDUM-001__dkvewDG,SCORED,,100.0,100.0,100.0,100.0,True
P15_V3,P15-B-SALES-DISCOVERY-001,claude_opus5,6,P15-B-SALES-DISCOVERY-001__3opbBta,SCORED,,100.0,100.0,100.0,100.0,True
P15_V3,P15-A-FIN-DEBUG-001,codex_gpt56sol,6,P15-A-FIN-DEBUG-001__YPvn6Gp,SCORED,,100.0,100.0,100.0,100.0,True
P15_V3,P15-C-STATEMENT-001,qwen38max,6,P15-C-STATEMENT-001__b4XEE6X,SCORED,,90.0,88.92307692307693,91.23076923076923,93.53846153846153,True
P15_V3,P15-B-SALES-DISCOVERY-001,codex_gpt56sol,4,P15-B-SALES-DISCOVERY-001__h2eHH9F,SCORED,,100.0,100.0,100.0,100.0,True
P15_V3,P15-B-OPS-CLEAN-JOIN-001,qwen38max,5,P15-B-OPS-CLEAN-JOIN-001__RWnPHjv,SCORED,,84.61538461538461,81.81818181818183,78.18181818181819,74.54545454545455,True
P15_V3,P15-B-FIN-RECON-001,codex_gpt56sol,6,P15-B-FIN-RECON-001__n6hoqK2,SCORED,,61.53846153846154,63.07692307692307,59.35897435897436,55.64102564102564,False
P15_V3,P15-B-SALES-DISCOVERY-001,qwen38max,4,P15-B-SALES-DISCOVERY-001__vqra2pZ,SCORED,,100.0,100.0,100.0,100.0,True
P15_V3,P15-C-STATEMENT-001,claude_opus5,8,P15-C-STATEMENT-001__FPYVrr9,SCORED,,100.0,100.0,100.0,100.0,True
P15_V3,P15-C-INVOICE-001,codex_gpt56sol,5,P15-C-INVOICE-001__pkn7JfE,SCORED,,100.0,100.0,100.0,100.0,True
P15_V3,P15-C-RECEIPTS-001,qwen38max,7,P15-C-RECEIPTS-001__AoLyLMj,SCORED,,100.0,100.0,100.0,100.0,True
P15_V3,P15-C-QUOTE-001,codex_gpt56sol,5,P15-C-QUOTE-001__Fg4GZqN,SCORED,,100.0,100.0,100.0,100.0,True
P15_V3,P15-C-PO-ADDENDUM-001,qwen38max,6,P15-C-PO-ADDENDUM-001__DABNtRa,SCORED,,100.0,100.0,100.0,100.0,True
P15_V3,P15-A-ENG-SIZING-001,codex_gpt56sol,6,P15-A-ENG-SIZING-001__9hxj3cf,SCORED,,95.83333333333334,96.57142857142857,97.28571428571429,98.0,True
P15_V3,P15-C-QUOTE-001,qwen38max,7,P15-C-QUOTE-001__6j5v9hW,SCORED,,100.0,100.0,100.0,100.0,True
P15_V3,P15-A-POLICY-EIA-001,codex_gpt56sol,6,P15-A-POLICY-EIA-001__pckN2qQ,SCORED_LEGACY_CONTRACT_FLAGGED,Historical source units/baseline inconsistent. Legacy-contract diagnostic score retained; not mixed with corrected-contract acceptance.,100.0,100.0,100.0,100.0,True
P15_V3,P15-A-FIN-DCF-001,codex_gpt56sol,5,P15-A-FIN-DCF-001__Q5LdqKB,SCORED,,100.0,100.0,100.0,100.0,True
P15_V3,P15-A-ENG-SIZING-001,qwen38max,6,P15-A-ENG-SIZING-001__sLndKLt,SCORED,,100.0,100.0,100.0,100.0,True
P15_V3,P15-C-RECEIPTS-001,codex_gpt56sol,6,P15-C-RECEIPTS-001__F4JpUne,SCORED,,100.0,100.0,100.0,100.0,True
P15_V3,P15-B-HEALTH-REPORT-001,qwen38max,7,P15-B-HEALTH-REPORT-001__vu5fotR,SCORED,,100.0,100.0,100.0,100.0,True
P15_V3,P15-B-OPS-CLEAN-JOIN-001,codex_gpt56sol,4,P15-B-OPS-CLEAN-JOIN-001__SvnkQDG,SCORED,,84.61538461538461,81.81818181818183,78.18181818181819,74.54545454545455,True
P15_V3,P15-C-INVOICE-001,qwen38max,7,P15-C-INVOICE-001__YtvsazF,SCORED,,100.0,100.0,100.0,100.0,True
P15_V3,P15-A-FIN-DEBUG-001,qwen38max,7,P15-A-FIN-DEBUG-001__DkzsPGc,SCORED,,100.0,100.0,100.0,100.0,True
P15_V3,P15-A-FIN-DCF-001,qwen38max,7,P15-A-FIN-DCF-001__EnsuFpM,SCORED,,100.0,100.0,100.0,100.0,True
P15_V3,P15-B-HEALTH-REPORT-001,codex_gpt56sol,6,P15-B-HEALTH-REPORT-001__naVomB7,SCORED,,92.5925925925926,93.60000000000001,94.93333333333334,96.26666666666667,True
P15_V3,P15-B-FIN-RECON-001,qwen38max,7,P15-B-FIN-RECON-001__ptoRgdS,SCORED,,69.23076923076923,71.07692307692308,65.6923076923077,60.30769230769231,False
P15_V3,P15-A-STAT-EXPERIMENT-001,codex_gpt56sol,5,P15-A-STAT-EXPERIMENT-001__iKruV6Y,SCORED,,100.0,100.0,100.0,100.0,True
P15_V3,P15-C-STATEMENT-001,codex_gpt56sol,6,P15-C-STATEMENT-001__D2S4J6b,SCORED,,100.0,100.0,100.0,100.0,True
P15_V3,P15-A-POLICY-EIA-001,qwen38max,7,P15-A-POLICY-EIA-001__mZ6QDyY,SCORED_LEGACY_CONTRACT_FLAGGED,Historical source units/baseline inconsistent. Legacy-contract diagnostic score retained; not mixed with corrected-contract acceptance.,56.00000000000001,54.97902097902097,53.790209790209786,52.6013986013986,False
P15_V3,P15-C-PO-ADDENDUM-001,codex_gpt56sol,7,P15-C-PO-ADDENDUM-001__NPG84b5,SCORED,,100.0,100.0,100.0,100.0,True
P15_V3,P15-A-FIN-DEBUG-001,codex_gpt56sol,7,P15-A-FIN-DEBUG-001__o4igxaQ,SCORED,,100.0,100.0,100.0,100.0,True
P15_V3,P15-B-SALES-DISCOVERY-001,codex_gpt56sol,5,P15-B-SALES-DISCOVERY-001__88WUHJq,SCORED,,100.0,100.0,100.0,100.0,True
P15_V3,P15-A-STAT-EXPERIMENT-001,qwen38max,7,P15-A-STAT-EXPERIMENT-001__NF5b2Wu,SCORED,,100.0,100.0,100.0,100.0,True
P15_V3,P15-B-FIN-RECON-001,codex_gpt56sol,7,P15-B-FIN-RECON-001__GuE8WRD,SCORED,,69.23076923076923,71.07692307692308,65.6923076923077,60.30769230769231,False
P15_V3,P15-C-INVOICE-001,codex_gpt56sol,6,P15-C-INVOICE-001__xkeTxye,SCORED,,100.0,100.0,100.0,100.0,True
P15_V3,P15-C-STATEMENT-001,qwen38max,7,P15-C-STATEMENT-001__oNibPm6,SCORED,,100.0,100.0,100.0,100.0,True
P15_V3,P15-B-OPS-CLEAN-JOIN-001,qwen38max,6,P15-B-OPS-CLEAN-JOIN-001__DSQh3g5,SCORED,,100.0,100.0,100.0,100.0,True
P15_V3,P15-C-QUOTE-001,codex_gpt56sol,6,P15-C-QUOTE-001__WaGVAYc,SCORED,,100.0,100.0,100.0,100.0,True
P15_V3,P15-B-SALES-DISCOVERY-001,qwen38max,5,P15-B-SALES-DISCOVERY-001__HRZyr8F,SCORED,,100.0,100.0,100.0,100.0,True
P15_V3,P15-A-ENG-SIZING-001,codex_gpt56sol,7,P15-A-ENG-SIZING-001__QPuZNC3,SCORED,,100.0,100.0,100.0,100.0,True
P15_V3,P15-A-POLICY-EIA-001,codex_gpt56sol,7,P15-A-POLICY-EIA-001__SccKBiG,SCORED_LEGACY_CONTRACT_FLAGGED,Historical source units/baseline inconsistent. Legacy-contract diagnostic score retained; not mixed with corrected-contract acceptance.,100.0,100.0,100.0,100.0,True
P15_V3,P15-A-FIN-DCF-001,codex_gpt56sol,6,P15-A-FIN-DCF-001__6qM5Nn7,SCORED,,100.0,100.0,100.0,100.0,True
P15_V3,P15-C-RECEIPTS-001,codex_gpt56sol,7,P15-C-RECEIPTS-001__6XjnPTR,SCORED,,100.0,100.0,100.0,100.0,True
P15_V3,P15-B-OPS-CLEAN-JOIN-001,codex_gpt56sol,5,P15-B-OPS-CLEAN-JOIN-001__nX36HQa,SCORED,,73.07692307692307,68.18181818181817,61.81818181818181,55.45454545454545,False
P15_V3,P15-B-HEALTH-REPORT-001,codex_gpt56sol,7,P15-B-HEALTH-REPORT-001__U9tRfds,SCORED,,92.5925925925926,93.60000000000001,94.93333333333334,96.26666666666667,True
P15_V3,P15-A-STAT-EXPERIMENT-001,codex_gpt56sol,6,P15-A-STAT-EXPERIMENT-001__oUwHeWt,SCORED,,91.30434782608695,90.0,88.0,86.0,True
P15_V3,P15-B-HEALTH-REPORT-001,qwen38max,8,P15-B-HEALTH-REPORT-001__ijCZBPb,SCORED,,92.5925925925926,93.60000000000001,94.93333333333334,96.26666666666667,True
P15_V3,P15-C-INVOICE-001,qwen38max,8,P15-C-INVOICE-001__JhLrxwd,SCORED,,100.0,100.0,100.0,100.0,True
P15_V3,P15-B-PUBLIC-PIVOT-001,claude_opus5,5,P15-B-PUBLIC-PIVOT-001__VEexsmN,SCORED,,100.0,100.0,100.0,100.0,True
P15_V3,P15-B-PUBLIC-PIVOT-001,claude_opus5,6,P15-B-PUBLIC-PIVOT-001__txAhFb3,SCORED,,100.0,100.0,100.0,100.0,True
P15_V3,P15-B-PUBLIC-PIVOT-001,claude_opus5,7,P15-B-PUBLIC-PIVOT-001__ieYKr2Z,SCORED,,100.0,100.0,100.0,100.0,True
P15_V3,P15-B-PUBLIC-PIVOT-001,codex_gpt56sol,3,P15-B-PUBLIC-PIVOT-001__fahw3cN,SCORED,,100.0,100.0,100.0,100.0,True
P15_V3,P15-A-FIN-DEBUG-001,qwen38max,8,P15-A-FIN-DEBUG-001__shYTCQ5,SCORED,,100.0,100.0,100.0,100.0,True
P15_V3,P15-B-PUBLIC-PIVOT-001,codex_gpt56sol,4,P15-B-PUBLIC-PIVOT-001__raALUev,SCORED,,100.0,100.0,100.0,100.0,True
P15_V3,P15-B-PUBLIC-PIVOT-001,codex_gpt56sol,5,P15-B-PUBLIC-PIVOT-001__ZpgkF5y,SCORED,,100.0,100.0,100.0,100.0,True
P15_V3,P15-B-PUBLIC-PIVOT-001,codex_gpt56sol,6,P15-B-PUBLIC-PIVOT-001__5qEedtU,SCORED,,100.0,100.0,100.0,100.0,True
P15_V3,P15-C-QUOTE-001,claude_opus5,6,P15-C-QUOTE-001__mYmHuJN,SCORED,,17.24137931034483,12.285714285714286,10.142857142857142,8.0,False
P15_V3,P15-C-STATEMENT-001,codex_gpt56sol,7,P15-C-STATEMENT-001__rrPKT7G,SCORED,,100.0,100.0,100.0,100.0,True
P15_V3,P15-B-PUBLIC-PIVOT-001,qwen38max,2,P15-B-PUBLIC-PIVOT-001__Hn9zZgq,SCORED,,100.0,100.0,100.0,100.0,True
P15_V3,P15-A-ENG-SIZING-001,claude_opus5,6,P15-A-ENG-SIZING-001__2XXXGqH,SCORED,,79.16666666666666,76.47619047619048,74.57142857142857,72.66666666666667,True
P15_V3,P15-B-SALES-DISCOVERY-001,codex_gpt56sol,6,P15-B-SALES-DISCOVERY-001__67CtWFn,SCORED,,100.0,100.0,100.0,100.0,True
P15_V3,P15-A-FIN-DCF-001,claude_opus5,7,P15-A-FIN-DCF-001__iue5TvE,SCORED,,22.22222222222222,21.0,21.125,21.25,False
P15_V3,P15-B-OPS-CLEAN-JOIN-001,codex_gpt56sol,6,P15-B-OPS-CLEAN-JOIN-001__h3q8SSz,SCORED,,84.61538461538461,81.81818181818183,78.18181818181819,74.54545454545455,True
P15_V3,P15-A-POLICY-EIA-001,claude_opus5,7,P15-A-POLICY-EIA-001__6HXj2nG,SCORED_LEGACY_CONTRACT_FLAGGED,Historical source units/baseline inconsistent. Legacy-contract diagnostic score retained; not mixed with corrected-contract acceptance.,0.0,0.0,0.0,0.0,False
P15_V3,P15-B-PUBLIC-PIVOT-001,qwen38max,3,P15-B-PUBLIC-PIVOT-001__zn2XeiX,SCORED,,100.0,100.0,100.0,100.0,True
P15_V3,P15-C-PO-ADDENDUM-001,codex_gpt56sol,8,P15-C-PO-ADDENDUM-001__2koPbzL,SCORED,,100.0,100.0,100.0,100.0,True
P15_V3,P15-A-STAT-EXPERIMENT-001,claude_opus5,7,P15-A-STAT-EXPERIMENT-001__Yx5puoe,JUDGE_ERROR,,,,,,
P15_V3,P15-B-SALES-DISCOVERY-001,claude_opus5,7,P15-B-SALES-DISCOVERY-001__B2WT7xN,SCORED,,100.0,100.0,100.0,100.0,True
P15_V3,P15-B-OPS-CLEAN-JOIN-001,qwen38max,7,P15-B-OPS-CLEAN-JOIN-001__qgY47E5,SCORED,,84.61538461538461,81.81818181818183,78.18181818181819,74.54545454545455,True
P15_V3,P15-C-QUOTE-001,claude_opus5,7,P15-C-QUOTE-001__YGcMeD3,SCORED,,65.51724137931035,63.208791208791204,61.45054945054945,59.692307692307686,False
P15_V3,P15-C-RECEIPTS-001,claude_opus5,7,P15-C-RECEIPTS-001__WqEBMtH,SCORED,,16.666666666666664,13.076923076923078,10.76923076923077,8.461538461538462,False
P15_V3,P15-A-ENG-SIZING-001,claude_opus5,7,P15-A-ENG-SIZING-001__erRSqUx,SCORED,,45.83333333333333,49.047619047619044,52.85714285714286,56.666666666666664,False
P15_V3,P15-B-OPS-CLEAN-JOIN-001,claude_opus5,8,P15-B-OPS-CLEAN-JOIN-001__bNH9ZRh,SCORED,,73.07692307692307,71.53246753246754,70.03896103896103,68.54545454545455,True
P15_V3,P15-B-SALES-DISCOVERY-001,qwen38max,6,P15-B-SALES-DISCOVERY-001__S7iRc65,SCORED,,100.0,100.0,100.0,100.0,True
P15_V3,P15-A-FIN-DEBUG-001,claude_opus5,8,P15-A-FIN-DEBUG-001__KZ9aXZ4,SCORED,,100.0,100.0,100.0,100.0,True
P15_V3,P15-C-INVOICE-001,claude_opus5,8,P15-C-INVOICE-001__PLqnSKT,SCORED,,55.172413793103445,53.208791208791204,48.37362637362637,43.53846153846154,False
P15_V3,P15-B-HEALTH-REPORT-001,claude_opus5,8,P15-B-HEALTH-REPORT-001__Lg97ghs,SCORED,,100.0,100.0,100.0,100.0,True
P15_V3,P15-A-FIN-DCF-001,claude_opus5,8,P15-A-FIN-DCF-001__9uaPbGK,SCORED,,22.22222222222222,21.0,21.125,21.25,False
P15_V3,P15-C-PO-ADDENDUM-001,qwen38max,7,P15-C-PO-ADDENDUM-001__AAv46Gy,SCORED,,100.0,100.0,100.0,100.0,True
P15_V3,P15-A-POLICY-EIA-001,claude_opus5,8,P15-A-POLICY-EIA-001__6TAnvow,SCORED_LEGACY_CONTRACT_FLAGGED,Historical source units/baseline inconsistent. Legacy-contract diagnostic score retained; not mixed with corrected-contract acceptance.,56.00000000000001,54.97902097902097,53.790209790209786,52.6013986013986,False
P15_V3,P15-A-STAT-EXPERIMENT-001,claude_opus5,8,P15-A-STAT-EXPERIMENT-001__5ekXQrc,JUDGE_ERROR,,,,,,
P15_V3,P15-A-ENG-SIZING-001,qwen38max,7,P15-A-ENG-SIZING-001__bdYFeei,SCORED,,100.0,100.0,100.0,100.0,True
P15_V3,P15-B-SALES-DISCOVERY-001,claude_opus5,8,P15-B-SALES-DISCOVERY-001__anMzqdM,SCORED,,68.0,65.0909090909091,72.36363636363636,79.63636363636364,True
P15_V3,P15-B-FIN-RECON-001,qwen38max,8,P15-B-FIN-RECON-001__TCqTy95,SCORED,,61.53846153846154,63.07692307692307,59.35897435897436,55.64102564102564,False
P15_V3,P15-C-QUOTE-001,claude_opus5,8,P15-C-QUOTE-001__G8Nc3BM,SCORED,,6.896551724137931,2.0,2.0,2.0,False
P15_V3,P15-C-RECEIPTS-001,claude_opus5,8,P15-C-RECEIPTS-001__pDScMP6,SCORED,,6.666666666666667,2.0,2.0,2.0,False
P15_V3,P15-C-INVOICE-001,codex_gpt56sol,7,P15-C-INVOICE-001__se2tqs3,SCORED,,75.86206896551724,75.86206896551724,75.86206896551724,75.86206896551724,True
P15_V3,P15-A-ENG-SIZING-001,claude_opus5,8,P15-A-ENG-SIZING-001__qsALucc,SCORED,,58.333333333333336,59.333333333333336,61.0,62.66666666666667,False
P15_V3,P15-B-PUBLIC-PIVOT-001,qwen38max,4,P15-B-PUBLIC-PIVOT-001__Tvrkbw4,SCORED,,100.0,100.0,100.0,100.0,True
P15_V3,P15-C-QUOTE-001,codex_gpt56sol,7,P15-C-QUOTE-001__ss8Swhp,SCORED,,100.0,100.0,100.0,100.0,True
P15_V3,P15-B-PUBLIC-PIVOT-001,qwen38max,5,P15-B-PUBLIC-PIVOT-001__ZqKUsC3,SCORED,,100.0,100.0,100.0,100.0,True
P15_V3,P15-C-PO-ADDENDUM-001,claude_opus5,8,P15-C-PO-ADDENDUM-001__vfj2jdc,SCORED,,50.0,47.84615384615385,46.46153846153846,45.07692307692307,False
P15_V3,P15-A-FIN-DCF-001,codex_gpt56sol,7,P15-A-FIN-DCF-001__jkh6NMt,SCORED,,100.0,100.0,100.0,100.0,True
P15_V3,P15-B-PUBLIC-PIVOT-001,qwen38max,6,P15-B-PUBLIC-PIVOT-001__7yHodYy,SCORED,,100.0,100.0,100.0,100.0,True
P15_V3,P15-A-STAT-EXPERIMENT-001,codex_gpt56sol,7,P15-A-STAT-EXPERIMENT-001__qDRXAoQ,SCORED,,100.0,100.0,100.0,100.0,True
P15_V3,P15-B-PUBLIC-PIVOT-001,claude_opus5,8,P15-B-PUBLIC-PIVOT-001__TicdXoJ,SCORED,,100.0,100.0,100.0,100.0,True
P15_V3,P15-A-POLICY-EIA-001,qwen38max,8,P15-A-POLICY-EIA-001__8UnRqEn,SCORED_LEGACY_CONTRACT_FLAGGED,Historical source units/baseline inconsistent. Legacy-contract diagnostic score retained; not mixed with corrected-contract acceptance.,100.0,100.0,100.0,100.0,True
P15_V3,P15-B-PUBLIC-PIVOT-001,qwen38max,7,P15-B-PUBLIC-PIVOT-001__bpk3A5M,SCORED,,100.0,100.0,100.0,100.0,True
P15_V3,P15-B-PUBLIC-PIVOT-001,codex_gpt56sol,7,P15-B-PUBLIC-PIVOT-001__toactrY,SCORED,,100.0,100.0,100.0,100.0,True
P15_V3,P15-A-FIN-DEBUG-001,codex_gpt56sol,8,P15-A-FIN-DEBUG-001__noWjLkB,SCORED,,100.0,100.0,100.0,100.0,True
P15_V3,P15-C-QUOTE-001,qwen38max,8,P15-C-QUOTE-001__gaFTnmX,SCORED,,65.51724137931035,63.208791208791204,61.45054945054945,59.692307692307686,False
P15_V3,P15-B-SALES-DISCOVERY-001,codex_gpt56sol,7,P15-B-SALES-DISCOVERY-001__QqtzQP2,SCORED,,100.0,100.0,100.0,100.0,True
P15_V3,P15-B-SALES-DISCOVERY-001,qwen38max,7,P15-B-SALES-DISCOVERY-001__LMeScDu,SCORED,,100.0,100.0,100.0,100.0,True
P15_V3,P15-A-FIN-DCF-001,qwen38max,8,P15-A-FIN-DCF-001__9MMfXAK,SCORED,,100.0,100.0,100.0,100.0,True
P15_V3,P15-A-POLICY-EIA-001,codex_gpt56sol,8,P15-A-POLICY-EIA-001__4eXuMHW,SCORED_LEGACY_CONTRACT_FLAGGED,Historical source units/baseline inconsistent. Legacy-contract diagnostic score retained; not mixed with corrected-contract acceptance.,100.0,100.0,100.0,100.0,True
P15_V3,P15-C-PO-ADDENDUM-001,qwen38max,8,P15-C-PO-ADDENDUM-001__WPMYVdm,SCORED,,50.0,47.84615384615385,46.46153846153846,45.07692307692307,False
P15_V3,P15-B-HEALTH-REPORT-001,codex_gpt56sol,8,P15-B-HEALTH-REPORT-001__km7ia5g,SCORED,,92.5925925925926,93.60000000000001,94.93333333333334,96.26666666666667,True
P15_V3,P15-C-STATEMENT-001,codex_gpt56sol,8,P15-C-STATEMENT-001__ezuZe38,SCORED,,100.0,100.0,100.0,100.0,True
P15_V3,P15-A-ENG-SIZING-001,qwen38max,8,P15-A-ENG-SIZING-001__4v8xq9Z,SCORED,,100.0,100.0,100.0,100.0,True
P15_V3,P15-C-INVOICE-001,codex_gpt56sol,8,P15-C-INVOICE-001__oYffgaB,SCORED,,100.0,100.0,100.0,100.0,True
P15_V3,P15-C-QUOTE-001,codex_gpt56sol,8,P15-C-QUOTE-001__3XUPPTj,SCORED,,100.0,100.0,100.0,100.0,True
P15_V3,P15-A-FIN-DCF-001,codex_gpt56sol,8,P15-A-FIN-DCF-001__UDvXBrg,SCORED,,88.88888888888889,91.0,92.875,94.75,True
P15_V3,P15-B-PUBLIC-PIVOT-001,qwen38max,8,P15-B-PUBLIC-PIVOT-001__TBhTRBe,SCORED,,100.0,100.0,100.0,100.0,True
P15_V3,P15-C-STATEMENT-001,qwen38max,8,P15-C-STATEMENT-001__4pqPvNU,SCORED,,100.0,100.0,100.0,100.0,True
P15_V3,P15-A-STAT-EXPERIMENT-001,qwen38max,8,P15-A-STAT-EXPERIMENT-001__Mr8gtkz,SCORED,,100.0,100.0,100.0,100.0,True
P15_V3,P15-B-SALES-DISCOVERY-001,qwen38max,8,P15-B-SALES-DISCOVERY-001__JDGFgLf,SCORED,,100.0,100.0,100.0,100.0,True
P15_V3,P15-B-FIN-RECON-001,codex_gpt56sol,8,P15-B-FIN-RECON-001__QHv693z,SCORED,,61.53846153846154,63.07692307692307,59.35897435897436,55.64102564102564,False
P15_V3,P15-A-STAT-EXPERIMENT-001,codex_gpt56sol,8,P15-A-STAT-EXPERIMENT-001__o9YdNLn,SCORED,,100.0,100.0,100.0,100.0,True
P15_V3,P15-B-PUBLIC-PIVOT-001,codex_gpt56sol,8,P15-B-PUBLIC-PIVOT-001__qJPxPvY,SCORED,,100.0,100.0,100.0,100.0,True
P15_V3,P15-C-RECEIPTS-001,qwen38max,8,P15-C-RECEIPTS-001__86b6YRx,SCORED,,100.0,100.0,100.0,100.0,True
P15_V3,P15-B-SALES-DISCOVERY-001,codex_gpt56sol,8,P15-B-SALES-DISCOVERY-001__BMEvsgR,SCORED,,100.0,100.0,100.0,100.0,True
P15_V3,P15-A-ENG-SIZING-001,codex_gpt56sol,8,P15-A-ENG-SIZING-001__osFZk8m,SCORED,,100.0,100.0,100.0,100.0,True
P15_V3,P15-B-OPS-CLEAN-JOIN-001,qwen38max,8,P15-B-OPS-CLEAN-JOIN-001__BmELsN6,SCORED,,73.07692307692307,68.18181818181817,61.81818181818181,55.45454545454545,False
P15_V3,P15-B-OPS-CLEAN-JOIN-001,codex_gpt56sol,7,P15-B-OPS-CLEAN-JOIN-001__khQUiVZ,SCORED,,100.0,100.0,100.0,100.0,True
P15_V3,P15-C-RECEIPTS-001,codex_gpt56sol,8,P15-C-RECEIPTS-001__Swrf3xk,SCORED,,76.66666666666667,74.15384615384616,79.53846153846153,84.92307692307692,True
P15_V3,P15-B-OPS-CLEAN-JOIN-001,codex_gpt56sol,8,P15-B-OPS-CLEAN-JOIN-001__qJDTSiU,SCORED,,100.0,100.0,100.0,100.0,True
NEW6_REPAIRED,A1,claude,,A1-claude-R01,SCORED,,86.4444192033924,85.97461526811823,85.66141264460211,85.34821002108599,True
NEW6_REPAIRED,A1,claude,,A1-claude-R02,SCORED,,69.63135894218357,63.302037895972475,59.082490531831745,54.862943167691014,False
NEW6_REPAIRED,A1,claude,,A1-claude-R03,SCORED,,32.29607708977882,30.798471210499834,29.800067290980515,28.80166337146119,False
NEW6_REPAIRED,A1,claude,,A1-claude-R04,SCORED,,49.826167415047465,47.260823569887634,45.55059433978108,43.840365109674515,False
NEW6_REPAIRED,A1,claude,,A1-claude-R06,SCORED,,60.75750650858557,57.28244917533877,54.96574428650758,52.649039397676376,False
NEW6_REPAIRED,A1,claude,,A1-claude-R07,SCORED,,42.1470432238265,37.197477417831806,33.897766880502,30.598056343172203,False
NEW6_REPAIRED,A1,claude,,A1-claude-R08,SCORED,,50.27265785983415,47.045965103098226,44.89483659860761,42.743708094117,False
NEW6_REPAIRED,A1,codex,,A1-codex-R01,SCORED,,92.74534302589731,94.04728619858108,94.91524831370356,95.78321042882607,True
NEW6_REPAIRED,A1,codex,,A1-codex-R02,SCORED,,92.74534302589731,94.04728619858108,94.91524831370356,95.78321042882607,True
NEW6_REPAIRED,A1,codex,,A1-codex-R03,SCORED,,92.74534302589731,94.04728619858108,94.91524831370356,95.78321042882607,True
NEW6_REPAIRED,A1,codex,,A1-codex-R04,SCORED,,62.2493563531728,58.05781754214286,55.26345833478955,52.469099127436245,False
NEW6_REPAIRED,A1,codex,,A1-codex-R05,SCORED,,92.3216719672876,93.34917694754132,94.03418026771048,94.71918358787964,True
NEW6_REPAIRED,A1,codex,,A1-codex-R06,SCORED,,99.0,99.23076923076923,99.38461538461539,99.53846153846155,True
NEW6_REPAIRED,A1,codex,,A1-codex-R07,SCORED,,100.0,100.0,100.0,100.0,True
NEW6_REPAIRED,A1,codex,,A1-codex-R08,SCORED,,91.79952249338325,92.69938454826007,93.29929258484461,93.89920062142916,True
NEW6_REPAIRED,A2,claude,,A2-claude-R01,SCORED,,31.71106954558176,28.03109729810539,26.80443988227993,25.577782466454472,False
NEW6_REPAIRED,A2,claude,,A2-claude-R02,SCORED,,33.061463843494195,31.47545869780431,30.94679031590768,30.41812193401105,False
NEW6_REPAIRED,A2,codex,,A2-codex-R02,SCORED,,100.0,100.0,100.0,100.0,True
NEW6_REPAIRED,A2,codex,,A2-codex-R03,SCORED,,88.2419323857088,87.99792306953516,87.9165866308106,87.83525019208605,True
NEW6_REPAIRED,A2,codex,,A2-codex-R04,SCORED,,100.0,100.0,100.0,100.0,True
NEW6_REPAIRED,A2,codex,,A2-codex-R05,SCORED,,76.4838647714176,75.9958461390703,75.83317326162121,75.67050038417212,True
NEW6_REPAIRED,A2,codex,,A2-codex-R06,SCORED,,88.2419323857088,87.99792306953516,87.9165866308106,87.83525019208605,True
NEW6_REPAIRED,A2,codex,,A2-codex-R07,SCORED,,100.0,100.0,100.0,100.0,True
NEW6_REPAIRED,A2,codex,,A2-codex-R08,SCORED,,99.40069150979639,99.48857087975414,99.51786400307337,99.54715712639263,True
NEW6_REPAIRED,B1,claude,,B1-claude-R06,SCORED,,60.30876601180161,68.55253063178878,74.04837371178023,79.54421679177169,True
NEW6_REPAIRED,B1,claude,,B1-claude-R07,SCORED,,61.49084456555958,70.37757274273814,76.30205819419051,82.22654364564288,True
NEW6_REPAIRED,B1,claude,,B1-claude-R08,SCORED,,48.46489142984086,49.36859780317429,49.9710687187299,50.573539634285524,False
NEW6_REPAIRED,B1,codex,,B1-codex-R01,SCORED,,99.75,99.8076923076923,99.84615384615385,99.88461538461539,True
NEW6_REPAIRED,B1,codex,,B1-codex-R02,SCORED,,100.0,100.0,100.0,100.0,True
NEW6_REPAIRED,B1,codex,,B1-codex-R03,SCORED,,99.35513895850788,99.45976972714881,99.52952357290943,99.59927741867006,True
NEW6_REPAIRED,B1,codex,,B1-codex-R04,SCORED,,99.9468488990129,99.92406985573272,99.90888382687928,99.89369779802581,True
NEW6_REPAIRED,B1,codex,,B1-codex-R05,SCORED,,100.0,100.0,100.0,100.0,True
NEW6_REPAIRED,B1,codex,,B1-codex-R06,SCORED,,100.0,100.0,100.0,100.0,True
NEW6_REPAIRED,B1,codex,,B1-codex-R07,SCORED,,98.75,99.03846153846155,99.23076923076923,99.42307692307692,True
NEW6_REPAIRED,B1,codex,,B1-codex-R08,SCORED,,99.5508935333048,99.65453348715754,99.72362678972603,99.79272009229452,True
NEW6_REPAIRED,B2,claude,,B2-claude-R03,SCORED,,63.88239538239539,60.05605505605506,57.5051615051615,54.954267954267955,False
NEW6_REPAIRED,B2,claude,,B2-claude-R05,SCORED,,47.73290043290043,46.47585747585748,45.63782883782884,44.7998001998002,False
NEW6_REPAIRED,B2,claude,,B2-claude-R07,SCORED,,56.158585858585866,57.4992784992785,58.393073593073595,59.28686868686869,False
NEW6_REPAIRED,B2,codex,,B2-codex-R01,SCORED,,83.56349206349206,81.93528693528694,80.84981684981686,79.76434676434677,True
NEW6_REPAIRED,B2,codex,,B2-codex-R02,SCORED,,89.63492063492063,86.6056166056166,84.5860805860806,82.56654456654458,True
NEW6_REPAIRED,B2,codex,,B2-codex-R03,SCORED,,93.85714285714286,92.63736263736264,91.82417582417582,91.01098901098901,True
NEW6_REPAIRED,B2,codex,,B2-codex-R04,SCORED,,92.07936507936509,90.0976800976801,88.77655677655679,87.45543345543345,True
NEW6_REPAIRED,B2,codex,,B2-codex-R05,SCORED,,87.60714285714286,87.82967032967034,87.97802197802199,88.12637362637362,True
NEW6_REPAIRED,B2,codex,,B2-codex-R06,SCORED,,89.72222222222223,85.31746031746032,82.3809523809524,79.44444444444446,True
NEW6_REPAIRED,B2,codex,,B2-codex-R07,SCORED,,95.0079365079365,94.98778998778998,94.97435897435898,94.96092796092796,True
NEW6_REPAIRED,B2,codex,,B2-codex-R08,SCORED,,92.50992063492063,92.77319902319903,92.94871794871796,93.12423687423687,True
NEW6_REPAIRED,C1,claude,,C1-claude-R03,SCORED,,41.965177097627425,32.2809054597134,25.824724367770724,19.368543275828042,False
NEW6_REPAIRED,C1,claude,,C1-claude-R08,SCORED,,43.545880317403494,33.49683101338731,26.797464810709844,20.098098608032384,False
NEW6_REPAIRED,C1,codex,,C1-codex-R01,SCORED,,86.0892846488873,89.2994497299133,91.43955978393065,93.57966983794799,True
NEW6_REPAIRED,C1,codex,,C1-codex-R02,SCORED,,89.39899732730139,89.8386935962519,90.13182444221891,90.42495528818593,True
NEW6_REPAIRED,C1,codex,,C1-codex-R03,SCORED,,91.62350876646875,92.55320072337061,93.17299536130518,93.79278999923976,True
NEW6_REPAIRED,C1,codex,,C1-codex-R04,SCORED,,80.22800730474212,83.78743036819628,86.16037907716571,88.53332778613515,True
NEW6_REPAIRED,C1,codex,,C1-codex-R05,SCORED,,89.40650915816478,91.85116089089598,93.48092871271679,95.1106965345376,True
NEW6_REPAIRED,C1,codex,,C1-codex-R06,SCORED,,98.79989260783962,99.07684046756896,99.26147237405516,99.44610428054136,True
NEW6_REPAIRED,C1,codex,,C1-codex-R07,SCORED,,91.51601933058888,93.4738610235299,94.77908881882392,96.08431661411794,True
NEW6_REPAIRED,C1,codex,,C1-codex-R08,SCORED,,91.74785712865183,93.65219779127064,94.9217582330165,96.19131867476239,True
NEW6_REPAIRED,C2,claude,,C2-claude-R02,SCORED,,66.03289567575283,57.088241428900766,51.12513859766607,45.162035766431366,False
NEW6_REPAIRED,C2,claude,,C2-claude-R06,SCORED,,59.19347022025594,49.729242826770296,43.419757897779874,37.11027296878945,False
NEW6_REPAIRED,C2,claude,,C2-claude-R08,SCORED,,64.8076923076923,49.85207100591716,39.88165680473373,29.9112426035503,False
NEW6_REPAIRED,C2,codex,,C2-codex-R01,SCORED,,100.0,100.0,100.0,100.0,True
NEW6_REPAIRED,C2,codex,,C2-codex-R02,SCORED,,30.08228676085819,23.140220585275532,18.512176468220424,13.884132351165318,False
NEW6_REPAIRED,C2,codex,,C2-codex-R03,SCORED,,99.8076923076923,99.85207100591717,99.88165680473374,99.91124260355029,True
NEW6_REPAIRED,C2,codex,,C2-codex-R04,SCORED,,100.0,100.0,100.0,100.0,True
NEW6_REPAIRED,C2,codex,,C2-codex-R05,SCORED,,100.0,100.0,100.0,100.0,True
NEW6_REPAIRED,C2,codex,,C2-codex-R06,SCORED,,79.48051948051949,71.62837162837162,66.39360639360639,61.158841158841156,False
NEW6_REPAIRED,C2,codex,,C2-codex-R07,SCORED,,90.0581561295847,86.05872149828194,83.3924317440801,80.72614198987826,True
NEW6_REPAIRED,C2,codex,,C2-codex-R08,SCORED,,29.685897435897434,22.835305719921102,18.268244575936883,13.701183431952662,False
NEW6_REPAIRED,C2,qwen,,C2-qwen-R03,SCORED,,50.0,38.46153846153847,30.76923076923077,23.076923076923077,False
NEW6_REPAIRED,C2,qwen,,C2-qwen-R05,SCORED,,53.26923076923077,40.976331360946745,32.781065088757394,24.585798816568047,False
NEW6_REPAIRED,C2,qwen,,C2-qwen-R06,SCORED,,54.03846153846153,41.56804733727811,33.25443786982248,24.94082840236686,False
NEW6_REPAIRED,C2,qwen,,C2-qwen-R08,SCORED,,45.4581561295847,51.75102919058963,55.946277897926244,60.141526605262875,False
